{
  "y3": {
    "val": {
      "n": 1194,
      "median_mae": 9180.190766798702,
      "median_rmse": 15556.274655293471,
      "pinball_loss": {
        "0.1": 2089.270127893601,
        "0.5": 4590.095383399351,
        "0.9": 4250.707322820573
      },
      "p10_empirical_coverage": 0.08375209380234507,
      "p90_empirical_coverage": 0.4547738693467337
    },
    "test": {
      "n": 1990,
      "median_mae": 6082.38408605944,
      "median_rmse": 10610.8312385679,
      "pinball_loss": {
        "0.1": 1820.6820796873105,
        "0.5": 3041.19204302972,
        "0.9": 2111.7385157363656
      },
      "p10_empirical_coverage": 0.15829145728643215,
      "p90_empirical_coverage": 0.7221105527638191
    },
    "shock_holdout": {
      "n": 2388,
      "median_mae": 7768.7732730102625,
      "median_rmse": 12525.652673708979,
      "pinball_loss": {
        "0.1": 2116.5330723059756,
        "0.5": 3884.3866365051313,
        "0.9": 2933.5780488805094
      },
      "p10_empirical_coverage": 0.1721105527638191,
      "p90_empirical_coverage": 0.6206030150753769
    }
  },
  "y6": {
    "val": {
      "n": 1194,
      "median_mae": 16856.51761774482,
      "median_rmse": 27744.873258328116,
      "pinball_loss": {
        "0.1": 4584.595340230028,
        "0.5": 8428.25880887241,
        "0.9": 6059.720216845795
      },
      "p10_empirical_coverage": 0.11139028475711893,
      "p90_empirical_coverage": 0.5829145728643216
    },
    "test": {
      "n": 796,
      "median_mae": 15114.538472975508,
      "median_rmse": 24908.979931098558,
      "pinball_loss": {
        "0.1": 4716.662601987918,
        "0.5": 7557.269236487754,
        "0.9": 2919.6363759585674
      },
      "p10_empirical_coverage": 0.2876884422110553,
      "p90_empirical_coverage": 0.8994974874371859
    },
    "shock_holdout": {
      "n": 3582,
      "median_mae": 17100.003772772252,
      "median_rmse": 26381.80343930554,
      "pinball_loss": {
        "0.1": 4512.607462818484,
        "0.5": 8550.001886386126,
        "0.9": 4714.649722533314
      },
      "p10_empirical_coverage": 0.2300390843104411,
      "p90_empirical_coverage": 0.7389726409826912
    }
  }
}