{
  "val": {
    "n": 1194,
    "positive_rate": 0.10552763819095477,
    "pr_auc": 0.7288233200666615,
    "roc_auc": 0.9373476606622675,
    "precision_at_top_20pct": 0.42857142857142855
  },
  "test": {
    "n": 1990,
    "positive_rate": 0.12010050251256281,
    "pr_auc": 0.7562923118122336,
    "roc_auc": 0.9363794508338331,
    "precision_at_top_20pct": 0.4849246231155779
  },
  "shock_holdout": {
    "n": 2388,
    "positive_rate": 0.1440536013400335,
    "pr_auc": 0.8435692988858893,
    "roc_auc": 0.9346413780548856,
    "precision_at_top_20pct": 0.5828092243186582
  }
}